{
  "n": 37.0,
  "p": 51.0,
  "k": 32.0,
  "temperature": 25.5986932,
  "humidity": 80.473145665,
  "ph": 6.42504527,
  "rainfall": 94.86762427
}